run_id,model_id,task_type,group_type,group_value,n_total,n_evaluable,n_all_invalid,invalid_samples,exact,over,under,within_1
gpt-5-mini-paper-reproduction,gpt-5-mini,conv,overall,all,527,527,0,1,0.681214421252372,0.0265654648956356,0.2922201138519924,0.905123339658444
gpt-5-mini-paper-reproduction,gpt-5-mini,conv,dataset,healthbench,250,250,0,1,0.676,0.0,0.324,0.884
gpt-5-mini-paper-reproduction,gpt-5-mini,conv,dataset,pmr_reddit,180,180,0,0,0.6611111111111111,0.0555555555555555,0.2833333333333333,0.9055555555555556
gpt-5-mini-paper-reproduction,gpt-5-mini,conv,dataset,pmr_synth,19,19,0,0,0.4736842105263157,0.0,0.5263157894736842,0.8421052631578947
gpt-5-mini-paper-reproduction,gpt-5-mini,conv,dataset,semigran,34,34,0,0,0.7058823529411765,0.088235294117647,0.2058823529411764,1.0
gpt-5-mini-paper-reproduction,gpt-5-mini,conv,dataset,structured_triage,44,44,0,0,0.8636363636363636,0.0227272727272727,0.1136363636363636,0.9772727272727272
gpt-5-mini-paper-reproduction,gpt-5-mini,conv,acuity,A,77,77,0,0,0.922077922077922,0.0779220779220779,0.0,0.974025974025974
gpt-5-mini-paper-reproduction,gpt-5-mini,conv,acuity,B,110,110,0,0,0.4636363636363636,0.0636363636363636,0.4727272727272727,1.0
gpt-5-mini-paper-reproduction,gpt-5-mini,conv,acuity,C,78,78,0,0,0.5769230769230769,0.0128205128205128,0.4102564102564102,0.7435897435897436
gpt-5-mini-paper-reproduction,gpt-5-mini,conv,acuity,D,262,262,0,1,0.732824427480916,0.0,0.2671755725190839,0.8931297709923665
gpt-5-mini-paper-reproduction,gpt-5-mini,qa,overall,all,527,527,0,0,0.7685009487666035,0.064516129032258,0.1669829222011385,0.967741935483871
gpt-5-mini-paper-reproduction,gpt-5-mini,qa,dataset,healthbench,250,250,0,0,0.808,0.012,0.18,0.964
gpt-5-mini-paper-reproduction,gpt-5-mini,qa,dataset,pmr_reddit,180,180,0,0,0.7055555555555556,0.1333333333333333,0.1611111111111111,0.9666666666666668
gpt-5-mini-paper-reproduction,gpt-5-mini,qa,dataset,pmr_synth,19,19,0,0,0.7894736842105263,0.0526315789473684,0.1578947368421052,0.9473684210526316
gpt-5-mini-paper-reproduction,gpt-5-mini,qa,dataset,semigran,34,34,0,0,0.7058823529411765,0.088235294117647,0.2058823529411764,0.9705882352941176
gpt-5-mini-paper-reproduction,gpt-5-mini,qa,dataset,structured_triage,44,44,0,0,0.8409090909090909,0.0681818181818181,0.0909090909090909,1.0
gpt-5-mini-paper-reproduction,gpt-5-mini,qa,acuity,A,77,77,0,0,0.8441558441558441,0.1558441558441558,0.0,0.922077922077922
gpt-5-mini-paper-reproduction,gpt-5-mini,qa,acuity,B,110,110,0,0,0.5272727272727272,0.1454545454545454,0.3272727272727272,1.0
gpt-5-mini-paper-reproduction,gpt-5-mini,qa,acuity,C,78,78,0,0,0.7307692307692307,0.0769230769230769,0.1923076923076923,0.8974358974358975
gpt-5-mini-paper-reproduction,gpt-5-mini,qa,acuity,D,262,262,0,0,0.8587786259541985,0.0,0.1412213740458015,0.9885496183206108
